<TEMPLATES>
<TEMPLATE>
<TITLE>About Me</TITLE>
<IMAGE>https://www.wysiwygwebbuilder.com/images/aboutme.jpg</IMAGE>
<PREVIEW>https://www.wysiwygwebbuilder.com/support/wb15tryouts/wb15_aboutme.html</PREVIEW>
<URL>https://www.wysiwygwebbuilder.com/templates/aboutme.zip</URL>
</TEMPLATE>
<TEMPLATE>
<TITLE>Agency Dark</TITLE>
<IMAGE>https://www.wysiwygwebbuilder.com/images/wb16_agencydark.jpg</IMAGE>
<PREVIEW>https://www.wysiwygwebbuilder.com/support/wb16tryouts/wb16_agencydark.html</PREVIEW>
<URL>https://www.wysiwygwebbuilder.com/templates/agencydark.zip</URL>
</TEMPLATE>
<TEMPLATE>
<TITLE>Anime Salon</TITLE>
<IMAGE>https://www.wysiwygwebbuilder.com/images/wb19_animesalon.jpg</IMAGE>
<PREVIEW>https://www.wysiwygwebbuilder.com/support/wb19tryouts/wb19_animesalon.html</PREVIEW>
<URL>https://www.wysiwygwebbuilder.com/templates/animesalon.zip</URL>
</TEMPLATE>
<TEMPLATE>
<TITLE>Artificial Art</TITLE>
<IMAGE>https://www.wysiwygwebbuilder.com/images/wb18_artificial_art.jpg</IMAGE>
<PREVIEW>https://www.wysiwygwebbuilder.com/support/wb18tryouts/wb18_artificial_art.html</PREVIEW>
<URL>https://www.wysiwygwebbuilder.com/templates/artificialart.zip</URL>
</TEMPLATE>
<TEMPLATE>
<TITLE>Author</TITLE>
<IMAGE>https://www.wysiwygwebbuilder.com/images/wb17_author.jpg</IMAGE>
<PREVIEW>https://www.wysiwygwebbuilder.com/support/wb17tryouts/wb17_author.html</PREVIEW>
<URL>https://www.wysiwygwebbuilder.com/templates/author.zip</URL>
</TEMPLATE>
<TEMPLATE>
<TITLE>Avantage</TITLE>
<IMAGE>https://www.wysiwygwebbuilder.com/images/wb16_avantage.jpg</IMAGE>
<PREVIEW>https://www.wysiwygwebbuilder.com/support/wb16tryouts/wb16_avantage.html</PREVIEW>
<URL>https://www.wysiwygwebbuilder.com/templates/avantage.zip</URL>
</TEMPLATE>
<TEMPLATE>
<TITLE>Awesome</TITLE>
<IMAGE>https://www.wysiwygwebbuilder.com/images/awesome.jpg</IMAGE>
<PREVIEW>https://www.wysiwygwebbuilder.com/support/wb15tryouts/wb15_awesome.html</PREVIEW>
<URL>https://www.wysiwygwebbuilder.com/templates/awesome.zip</URL>
</TEMPLATE>
<TEMPLATE>
<TITLE>Bakery</TITLE>
<IMAGE>https://www.wysiwygwebbuilder.com/images/wb18_bakery.jpg</IMAGE>
<PREVIEW>https://www.wysiwygwebbuilder.com/support/wb18tryouts/wb18_bakery.html</PREVIEW>
<URL>https://www.wysiwygwebbuilder.com/templates/bakery.zip</URL>
</TEMPLATE>
<TEMPLATE>
<TITLE>Band</TITLE>
<IMAGE>https://www.wysiwygwebbuilder.com/images/wb18_band.jpg</IMAGE>
<PREVIEW>https://www.wysiwygwebbuilder.com/support/wb18tryouts/wb18_band.html</PREVIEW>
<URL>https://www.wysiwygwebbuilder.com/templates/band.zip</URL>
</TEMPLATE>
<TEMPLATE>
<TITLE>Barber Shop</TITLE>
<IMAGE>https://www.wysiwygwebbuilder.com/images/wb18_barbershop.jpg</IMAGE>
<PREVIEW>https://www.wysiwygwebbuilder.com/support/wb18tryouts/wb18_barbershop.html</PREVIEW>
<URL>https://www.wysiwygwebbuilder.com/templates/barbershop.zip</URL>
</TEMPLATE>
<TEMPLATE>
<TITLE>Beach Club</TITLE>
<IMAGE>https://www.wysiwygwebbuilder.com/images/wb19_beachclub.jpg</IMAGE>
<URL>https://www.wysiwygwebbuilder.com/templates/beachclub.zip</URL>
<PREVIEW>https://www.wysiwygwebbuilder.com/support/wb19tryouts/wb19_beachclub.html</PREVIEW>
</TEMPLATE>
<TEMPLATE>
<TITLE>Beauty</TITLE>
<IMAGE>https://www.wysiwygwebbuilder.com/images/wb19_beauty.jpg</IMAGE>
<URL>https://www.wysiwygwebbuilder.com/templates/beauty.zip</URL>
<PREVIEW>https://www.wysiwygwebbuilder.com/support/wb19tryouts/wb19_beauty.html</PREVIEW>
</TEMPLATE>
<TEMPLATE>
<TITLE>Blobs</TITLE>
<IMAGE>https://www.wysiwygwebbuilder.com/images/wb16_blobs.jpg</IMAGE>
<PREVIEW>https://www.wysiwygwebbuilder.com/support/wb16tryouts/wb16_blobs.html</PREVIEW>
<URL>https://www.wysiwygwebbuilder.com/templates/blobs.zip</URL>
</TEMPLATE>
<TEMPLATE>
<TITLE>Blue Monday</TITLE>
<IMAGE>https://www.wysiwygwebbuilder.com/images/template_bluemonday.jpg</IMAGE>
<PREVIEW>https://www.wysiwygwebbuilder.com/support/wb12tryouts/wb12_bluemonday.html</PREVIEW>
<URL>https://www.wysiwygwebbuilder.com/templates/bluemonday.zip</URL>
</TEMPLATE>
<TEMPLATE>
<TITLE>Branding Concepts</TITLE>
<IMAGE>https://www.wysiwygwebbuilder.com/images/wb18_brandingconcepts.jpg</IMAGE>
<PREVIEW>https://www.wysiwygwebbuilder.com/support/wb18tryouts/wb18_brandingconcepts.html</PREVIEW>
<URL>https://www.wysiwygwebbuilder.com/templates/brandingconcepts.zip</URL>
</TEMPLATE>
<TEMPLATE>
<TITLE>Bright Ideas</TITLE>
<IMAGE>https://www.wysiwygwebbuilder.com/images/wb16_brightideas.jpg</IMAGE>
<PREVIEW>https://www.wysiwygwebbuilder.com/support/wb16tryouts/wb16_brightideas.html</PREVIEW>
<URL>https://www.wysiwygwebbuilder.com/templates/brightideas.zip</URL>
</TEMPLATE>
<TEMPLATE>
<TITLE>Boutique</TITLE>
<IMAGE>https://www.wysiwygwebbuilder.com/images/wb17_boutique.jpg</IMAGE>
<PREVIEW>https://www.wysiwygwebbuilder.com/support/wb17tryouts/wb17_boutique.html</PREVIEW>
<URL>https://www.wysiwygwebbuilder.com/templates/boutique.zip</URL>
</TEMPLATE>
<TEMPLATE>
<TITLE>Box Shot</TITLE>
<IMAGE>https://www.wysiwygwebbuilder.com/images/wb19_boxshot.jpg</IMAGE>
<PREVIEW>https://www.wysiwygwebbuilder.com/support/wb19tryouts/wb19_boxshot.html</PREVIEW>
<URL>https://www.wysiwygwebbuilder.com/templates/boxshot.zip</URL>
</TEMPLATE>
<TEMPLATE>
<TITLE>Candyland</TITLE>
<IMAGE>https://www.wysiwygwebbuilder.com/images/wb19_candyland.jpg</IMAGE>
<URL>https://www.wysiwygwebbuilder.com/templates/candyland.zip</URL>
<PREVIEW>https://www.wysiwygwebbuilder.com/support/wb19tryouts/wb19_candyland.html</PREVIEW>
</TEMPLATE>
<TEMPLATE>
<TITLE>Candy Wonderland</TITLE>
<IMAGE>https://www.wysiwygwebbuilder.com/images/wb19_candywonderland.jpg</IMAGE>
<URL>https://www.wysiwygwebbuilder.com/templates/candywonderland.zip</URL>
<PREVIEW>https://www.wysiwygwebbuilder.com/support/wb19tryouts/wb19_candywonderland.html</PREVIEW>
</TEMPLATE>
<TEMPLATE>
<TITLE>Cards Blog</TITLE>
<IMAGE>https://www.wysiwygwebbuilder.com/images/wb16_cardsblog.jpg</IMAGE>
<PREVIEW>https://www.wysiwygwebbuilder.com/support/wb16tryouts/wb16_cardsblog.html</PREVIEW>
<URL>https://www.wysiwygwebbuilder.com/templates/cardsblog.zip</URL>
</TEMPLATE>
<TEMPLATE>
<TITLE>Chess</TITLE>
<IMAGE>https://www.wysiwygwebbuilder.com/images/wb18_chess.jpg</IMAGE>
<PREVIEW>https://www.wysiwygwebbuilder.com/support/wb18tryouts/wb18_chess.html</PREVIEW>
<URL>https://www.wysiwygwebbuilder.com/templates/chess.zip</URL>
</TEMPLATE>
<TITLE>Classic Office</TITLE>
<IMAGE>https://www.wysiwygwebbuilder.com/images/wb19_classicoffice.jpg</IMAGE>
<URL>https://www.wysiwygwebbuilder.com/templates/classicoffice.zip</URL>
<PREVIEW>https://www.wysiwygwebbuilder.com/support/wb19tryouts/wb19_classicoffice.html</PREVIEW>
</TEMPLATE>
<TEMPLATE>
<TITLE>Cocktails</TITLE>
<IMAGE>https://www.wysiwygwebbuilder.com/images/wb19_cocktails.jpg</IMAGE>
<URL>https://www.wysiwygwebbuilder.com/templates/cocktails.zip</URL>
<PREVIEW>https://www.wysiwygwebbuilder.com/support/wb19tryouts/wb19_cocktails.html</PREVIEW>
</TEMPLATE>
<TEMPLATE>
<TITLE>Coffee</TITLE>
<IMAGE>https://www.wysiwygwebbuilder.com/images/coffeetime.jpg</IMAGE>
<PREVIEW>https://www.wysiwygwebbuilder.com/support/wb15tryouts/wb15_coffeetime.html</PREVIEW>
<URL>https://www.wysiwygwebbuilder.com/templates/coffeetime.zip</URL>
</TEMPLATE>
<TEMPLATE>
<TITLE>Coffee v2</TITLE>
<IMAGE>https://www.wysiwygwebbuilder.com/images/wb16_coffeev2.jpg</IMAGE>
<PREVIEW>https://www.wysiwygwebbuilder.com/support/wb16tryouts/wb16_coffee_v2.html</PREVIEW>
<URL>https://www.wysiwygwebbuilder.com/templates/coffeev2.zip</URL>
</TEMPLATE>
<TEMPLATE>
<TITLE>Coffee and Cakes</TITLE>
<IMAGE>https://www.wysiwygwebbuilder.com/images/wb18_coffee_and_cakes.jpg</IMAGE>
<PREVIEW>https://www.wysiwygwebbuilder.com/support/wb18tryouts/wb18_coffee_and_cakes.html</PREVIEW>
<URL>https://www.wysiwygwebbuilder.com/templates/coffeeandcakes.zip</URL>
</TEMPLATE>
<TEMPLATE>
<TITLE>Comic Book</TITLE>
<IMAGE>https://www.wysiwygwebbuilder.com/images/wb16_comicbook.jpg</IMAGE>
<PREVIEW>https://www.wysiwygwebbuilder.com/support/wb16tryouts/wb16_comicbook.html</PREVIEW>
<URL>https://www.wysiwygwebbuilder.com/templates/comicbook.zip</URL>
</TEMPLATE>
<TEMPLATE>
<TITLE>Christmas Art</TITLE>
<IMAGE>https://www.wysiwygwebbuilder.com/images/wb18_christmas_art.jpg</IMAGE>
<PREVIEW>https://www.wysiwygwebbuilder.com/support/wb18tryouts/wb18_christmas_art.html</PREVIEW>
<URL>https://www.wysiwygwebbuilder.com/templates/christmasart.zip</URL>
</TEMPLATE>
<TEMPLATE>
<TITLE>Christmas Fun</TITLE>
<IMAGE>https://www.wysiwygwebbuilder.com/images/wb18_christmasfun.jpg</IMAGE>
<PREVIEW>https://www.wysiwygwebbuilder.com/support/wb18tryouts/wb18_christmas_fun.html</PREVIEW>
<URL>https://www.wysiwygwebbuilder.com/templates/christmasfun.zip</URL>
</TEMPLATE>
<TEMPLATE>
<TITLE>Coral Reef</TITLE>
<IMAGE>https://www.wysiwygwebbuilder.com/images/wb19_coralreef.jpg</IMAGE>
<URL>https://www.wysiwygwebbuilder.com/templates/coralreef.zip</URL>
<PREVIEW>https://www.wysiwygwebbuilder.com/support/wb19tryouts/wb19_coralreef.html</PREVIEW>
</TEMPLATE>
<TEMPLATE>
<TITLE>Crypto Coin</TITLE>
<IMAGE>https://www.wysiwygwebbuilder.com/images/wb17_cryptocoin.jpg</IMAGE>
<PREVIEW>https://www.wysiwygwebbuilder.com/support/wb17tryouts/wb17_cryptocoin.html</PREVIEW>
<URL>https://www.wysiwygwebbuilder.com/templates/cryptocoin.zip</URL>
</TEMPLATE>
<TEMPLATE>
<TITLE>Curves</TITLE>
<IMAGE>https://www.wysiwygwebbuilder.com/images/curves.jpg</IMAGE>
<URL>https://www.wysiwygwebbuilder.com/support/wb15tryouts/wb15_curves.html</URL>
<PREVIEW>https://www.wysiwygwebbuilder.com/templates/curves.zip</PREVIEW>
</TEMPLATE>
<TEMPLATE>
<TITLE>Dark Mode Invert</TITLE>
<IMAGE>https://www.wysiwygwebbuilder.com/images/wb18_darkmode_invert.jpg</IMAGE>
<PREVIEW>https://www.wysiwygwebbuilder.com/support/wb18tryouts/wb18_darkmode_invert.html</PREVIEW>
<URL>https://www.wysiwygwebbuilder.com/templates/darkmodeinvert.zip</URL>
</TEMPLATE>
<TEMPLATE>
<TITLE>Dark Mode Styles</TITLE>
<IMAGE>https://www.wysiwygwebbuilder.com/images/wb18_darkmode_styles.jpg</IMAGE>
<PREVIEW>https://www.wysiwygwebbuilder.com/support/wb18tryouts/wb18_darkmode_styles.html</PREVIEW>
<URL>https://www.wysiwygwebbuilder.com/templates/darkmodestyles.zip</URL>
</TEMPLATE>
<TEMPLATE>
<TITLE>Delft</TITLE>
<IMAGE>https://www.wysiwygwebbuilder.com/images/delft.jpg</IMAGE>
<PREVIEW>https://www.wysiwygwebbuilder.com/support/wb15tryouts/wb15_delft.html</PREVIEW>
<URL>https://www.wysiwygwebbuilder.com/templates/delft.zip</URL>
</TEMPLATE>
<TEMPLATE>
<TITLE>Devices</TITLE>
<IMAGE>https://www.wysiwygwebbuilder.com/images/wb17_devices.jpg</IMAGE>
<PREVIEW>https://www.wysiwygwebbuilder.com/support/wb17tryouts/wb17_devices.html</PREVIEW>
<URL>https://www.wysiwygwebbuilder.com/templates/devices.zip</URL>
</TEMPLATE>
<TEMPLATE>
<TITLE>Dentist</TITLE>
<IMAGE>https://www.wysiwygwebbuilder.com/images/wb18_dentist.jpg</IMAGE>
<PREVIEW>https://www.wysiwygwebbuilder.com/support/wb18tryouts/wb18_dentist.html</PREVIEW>
<URL>https://www.wysiwygwebbuilder.com/templates/dentist.zip</URL>
</TEMPLATE>
<TEMPLATE>
<TITLE>Donuts</TITLE>
<IMAGE>https://www.wysiwygwebbuilder.com/images/template_donuts.jpg</IMAGE>
<PREVIEW>https://www.wysiwygwebbuilder.com/support/wb12tryouts/wb12_donuts.html</PREVIEW>
<URL>https://www.wysiwygwebbuilder.com/templates/donuts.zip</URL>
</TEMPLATE>
<TEMPLATE>
<TITLE>Doodle</TITLE>
<IMAGE>https://www.wysiwygwebbuilder.com/images/wb16_doodle.jpg</IMAGE>
<PREVIEW>https://www.wysiwygwebbuilder.com/support/wb16tryouts/wb16_doodle.html</PREVIEW>
<URL>https://www.wysiwygwebbuilder.com/templates/doodle.zip</URL>
</TEMPLATE>
<TEMPLATE>
<TITLE>Doodle v2</TITLE>
<IMAGE>https://www.wysiwygwebbuilder.com/images/wb16_doodlev2.jpg</IMAGE>
<PREVIEW>https://www.wysiwygwebbuilder.com/support/wb16tryouts/wb16_doodlev2.html</PREVIEW>
<URL>https://www.wysiwygwebbuilder.com/templates/doodlev2.zip</URL>
</TEMPLATE>
<TEMPLATE>
<TITLE>Drinks</TITLE>
<IMAGE>https://www.wysiwygwebbuilder.com/images/wb17_drinks.jpg</IMAGE>
<PREVIEW>https://www.wysiwygwebbuilder.com/support/wb17tryouts/wb17_drinks.html</PREVIEW>
<URL>https://www.wysiwygwebbuilder.com/templates/drinks.zip</URL>
</TEMPLATE>
<TEMPLATE>
<TITLE>Expertise</TITLE>
<IMAGE>https://www.wysiwygwebbuilder.com/images/wb16_expertise.jpg</IMAGE>
<PREVIEW>https://www.wysiwygwebbuilder.com/support/wb16tryouts/wb16_expertise_layers.html</PREVIEW>
<URL>https://www.wysiwygwebbuilder.com/templates/expertise.zip</URL>
</TEMPLATE>
<TEMPLATE>
<TITLE>Fashion</TITLE>
<IMAGE>https://www.wysiwygwebbuilder.com/images/wb16_fashion.jpg</IMAGE>
<PREVIEW>https://www.wysiwygwebbuilder.com/support/wb16tryouts/wb16_fashion.html</PREVIEW>
<URL>https://www.wysiwygwebbuilder.com/templates/fashion.zip</URL>
</TEMPLATE>
<TEMPLATE>
<TITLE>Flex Mosaic</TITLE>
<IMAGE>https://www.wysiwygwebbuilder.com/images/wb18_flexmosaic.jpg</IMAGE>
<PREVIEW>https://www.wysiwygwebbuilder.com/support/wb18tryouts/wb18_flexmosaic.html</PREVIEW>
<URL>https://www.wysiwygwebbuilder.com/templates/flexmosaic.zip</URL>
</TEMPLATE>
<TEMPLATE>
<TITLE>Digital Agency</TITLE>
<IMAGE>https://www.wysiwygwebbuilder.com/images/wb18_digitalagency.jpg</IMAGE>
<PREVIEW>https://www.wysiwygwebbuilder.com/support/wb18tryouts/wb18_digitalagency.html</PREVIEW>
<URL>https://www.wysiwygwebbuilder.com/templates/digitalagency.zip</URL>
</TEMPLATE>
<TEMPLATE>
<TITLE>Fifties</TITLE>
<IMAGE>https://www.wysiwygwebbuilder.com/images/wb19_fifties.jpg</IMAGE>
<URL>https://www.wysiwygwebbuilder.com/templates/fifties.zip</URL>
<PREVIEW>https://www.wysiwygwebbuilder.com/support/wb19tryouts/wb19_fifties.html</PREVIEW>
</TEMPLATE>
<TEMPLATE>
<TITLE>Fifties Christmas</TITLE>
<IMAGE>https://www.wysiwygwebbuilder.com/images/wb19_fifties_xmas.jpg</IMAGE>
<URL>https://www.wysiwygwebbuilder.com/templates/fifties_xmas.zip</URL>
<PREVIEW>https://www.wysiwygwebbuilder.com/support/wb19tryouts/wb19_fifties_xmas.html</PREVIEW>
</TEMPLATE>
<TEMPLATE>
<TITLE>Fill Rule</TITLE>
<IMAGE>https://www.wysiwygwebbuilder.com/images/wb17_fillrul.jpg</IMAGE>
<PREVIEW>https://www.wysiwygwebbuilder.com/support/wb17tryouts/wb17_fillrule.html</PREVIEW>
<URL>https://www.wysiwygwebbuilder.com/templates/fillrule.zip</URL>
</TEMPLATE>
<TEMPLATE>
<TITLE>Flexible Business</TITLE>
<IMAGE>https://www.wysiwygwebbuilder.com/images/flexiblebusiness.jpg</IMAGE>
<PREVIEW>https://www.wysiwygwebbuilder.com/support/wb15tryouts/wb15_flexiblebusiness.html</PREVIEW>
<URL>https://www.wysiwygwebbuilder.com/templates/flexiblebusiness.zip</URL>
</TEMPLATE>
<TEMPLATE>
<TITLE>Flowers</TITLE>
<IMAGE>https://www.wysiwygwebbuilder.com/images/flowers.jpg</IMAGE>
<PREVIEW>https://www.wysiwygwebbuilder.com/support/wb14tryouts/wb14_flowers.html</PREVIEW>
<URL>https://www.wysiwygwebbuilder.com/templates/flowers.zip</URL>
</TEMPLATE>
<TEMPLATE>
<TITLE>Freelancer</TITLE>
<IMAGE>https://www.wysiwygwebbuilder.com/images/wb16_freelancer.jpg</IMAGE>
<PREVIEW>https://www.wysiwygwebbuilder.com/support/wb16tryouts/wb16_freelancer.html</PREVIEW>
<URL>https://www.wysiwygwebbuilder.com/templates/freelancer.zip</URL>
</TEMPLATE>
<TEMPLATE>
<TITLE>Fun!</TITLE>
<IMAGE>https://www.wysiwygwebbuilder.com/images/wb18_fun.jpg</IMAGE>
<PREVIEW>https://www.wysiwygwebbuilder.com/support/wb18tryouts/wb18_fun.html</PREVIEW>
<URL>https://www.wysiwygwebbuilder.com/templates/fun.zip</URL>
</TEMPLATE>
<TEMPLATE>
<TITLE>Funny Faces</TITLE>
<IMAGE>https://www.wysiwygwebbuilder.com/images/wb18_funny_faces.jpg</IMAGE>
<PREVIEW>https://www.wysiwygwebbuilder.com/support/wb18tryouts/wb18_funny_faces.html</PREVIEW>
<URL>https://www.wysiwygwebbuilder.com/templates/funnyfaces.zip</URL>
</TEMPLATE>
<TEMPLATE>
<TITLE>Future City</TITLE>
<IMAGE>https://www.wysiwygwebbuilder.com/images/wb19_futurecity.jpg</IMAGE>
<URL>https://www.wysiwygwebbuilder.com/templates/futurecity.zip</URL>
<PREVIEW>https://www.wysiwygwebbuilder.com/support/wb19tryouts/wb19_futurecity.html</PREVIEW>
</TEMPLATE>
<TEMPLATE>
<TITLE>Graphic Artist</TITLE>
<IMAGE>https://www.wysiwygwebbuilder.com/images/template_graphic_artist.jpg</IMAGE>
<PREVIEW>https://www.wysiwygwebbuilder.com/support/wb12tryouts/wb12_graphic_artist.html</PREVIEW>
<URL>https://www.wysiwygwebbuilder.com/templates/graphic_artist.zip</URL>
</TEMPLATE>
<TEMPLATE>
<TITLE>Haunted</TITLE>
<IMAGE>https://www.wysiwygwebbuilder.com/images/wb19_haunted.jpg</IMAGE>
<PREVIEW>https://www.wysiwygwebbuilder.com/support/wb19tryouts/wb19_haunted.html</PREVIEW>
<URL>https://www.wysiwygwebbuilder.com/templates/haunted.zip</URL>
</TEMPLATE>
<TEMPLATE>
<TITLE>Hexagon</TITLE>
<IMAGE>https://www.wysiwygwebbuilder.com/images/wb17_hexagon.jpg</IMAGE>
<PREVIEW>https://www.wysiwygwebbuilder.com/support/wb17tryouts/wb17_hexagon.html</PREVIEW>
<URL>https://www.wysiwygwebbuilder.com/templates/hexagon.zip</URL>
</TEMPLATE>
<TEMPLATE>
<TITLE>Ibiza</TITLE>
<IMAGE>https://www.wysiwygwebbuilder.com/images/template_ibiza.jpg</IMAGE>
<PREVIEW>https://www.wysiwygwebbuilder.com/support/wb12tryouts/wb12_ibiza.html</PREVIEW>
<URL>https://www.wysiwygwebbuilder.com/templates/ibiza.zip</URL>
</TEMPLATE>
<TEMPLATE>
<TITLE>Ice Cream</TITLE>
<IMAGE>https://www.wysiwygwebbuilder.com/images/wb18_icecream.jpg</IMAGE>
<PREVIEW>https://www.wysiwygwebbuilder.com/support/wb18tryouts/wb18_icecream.html</PREVIEW>
<URL>https://www.wysiwygwebbuilder.com/templates/icecream.zip</URL>
</TEMPLATE>
<TEMPLATE>
<TITLE>iPhone</TITLE>
<IMAGE>https://www.wysiwygwebbuilder.com/images/template_iphone.jpg</IMAGE>
<PREVIEW>https://www.wysiwygwebbuilder.com/support/wb12tryouts/wb12_iphone.html</PREVIEW>
<URL>https://www.wysiwygwebbuilder.com/templates/iphone.zip</URL>
</TEMPLATE>
<TEMPLATE>
<TITLE>Jingles</TITLE>
<IMAGE>https://www.wysiwygwebbuilder.com/images/wb16_jingles.jpg</IMAGE>
<PREVIEW>https://www.wysiwygwebbuilder.com/support/wb16tryouts/wb16_jingles.html</PREVIEW>
<URL>https://www.wysiwygwebbuilder.com/templates/jingles.zip</URL>
</TEMPLATE>
<TEMPLATE>
<TITLE>Kandinsky</TITLE>
<IMAGE>https://www.wysiwygwebbuilder.com/images/wb19_kandinsky.jpg</IMAGE>
<URL>https://www.wysiwygwebbuilder.com/templates/kandinsky.zip</URL>
<PREVIEW>https://www.wysiwygwebbuilder.com/support/wb19tryouts/wb19_kandinsky.html</PREVIEW>
</TEMPLATE>
<TEMPLATE>
<TITLE>Lavender</TITLE>
<IMAGE>https://www.wysiwygwebbuilder.com/images/lavender.jpg</IMAGE>
<PREVIEW>https://www.wysiwygwebbuilder.com/support/wb15tryouts/wb15_lavender.html</PREVIEW>
<URL>https://www.wysiwygwebbuilder.com/templates/lavender.zip</URL>
</TEMPLATE>
<TEMPLATE>
<TITLE>Layout Experiment 1</TITLE>
<IMAGE>https://www.wysiwygwebbuilder.com/images/wb17_layoutexperiment1.jpg</IMAGE>
<PREVIEW>https://www.wysiwygwebbuilder.com/support/wb17tryouts/wb17_layoutexperiment1.html</PREVIEW>
<URL>https://www.wysiwygwebbuilder.com/templates/layoutexperiment1.zip</URL>
</TEMPLATE>
<TEMPLATE>
<TITLE>Layout Experiment 2</TITLE>
<IMAGE>https://www.wysiwygwebbuilder.com/images/wb17_layoutexperiment2.jpg</IMAGE>
<PREVIEW>https://www.wysiwygwebbuilder.com/support/wb17tryouts/wb17_layoutexeriment2.html</PREVIEW>
<URL>https://www.wysiwygwebbuilder.com/templates/layoutexperiment2.zip</URL>
</TEMPLATE>
<TEMPLATE>
<TITLE>Light Bulb</TITLE>
<IMAGE>https://www.wysiwygwebbuilder.com/images/wb18_lightbulb.jpg</IMAGE>
<PREVIEW>https://www.wysiwygwebbuilder.com/support/wb18tryouts/wb18_lightbulb.html</PREVIEW>
<URL>https://www.wysiwygwebbuilder.com/templates/lightbulb.zip</URL>
</TEMPLATE>
<TEMPLATE>
<TITLE>Liquor</TITLE>
<IMAGE>https://www.wysiwygwebbuilder.com/images/wb18_liquor.jpg</IMAGE>
<PREVIEW>https://www.wysiwygwebbuilder.com/support/wb18tryouts/wb18_liquor.html</PREVIEW>
<URL>https://www.wysiwygwebbuilder.com/templates/liquor.zip</URL>
</TEMPLATE>
<TEMPLATE>
<TITLE>Lottie</TITLE>
<IMAGE>https://www.wysiwygwebbuilder.com/images/wb17_lottie.jpg</IMAGE>
<PREVIEW>https://www.wysiwygwebbuilder.com/support/wb17tryouts/wb17_lottie.html</PREVIEW>
<URL>https://www.wysiwygwebbuilder.com/templates/lottie.zip</URL>
</TEMPLATE>
<TEMPLATE>
<TITLE>Magazine</TITLE>
<IMAGE>https://www.wysiwygwebbuilder.com/images/wb19_magazine.jpg</IMAGE>
<URL>https://www.wysiwygwebbuilder.com/templates/magazine.zip</URL>
<PREVIEW>https://www.wysiwygwebbuilder.com/support/wb19tryouts/wb19_magazine.html</PREVIEW>
</TEMPLATE>
<TEMPLATE>
<TITLE>Medieval Town</TITLE>
<IMAGE>https://www.wysiwygwebbuilder.com/images/wb18_medieval_town.jpg</IMAGE>
<PREVIEW>https://www.wysiwygwebbuilder.com/support/wb18tryouts/wb18_medieval_town.html</PREVIEW>
<URL>https://www.wysiwygwebbuilder.com/templates/medievaltown.zip</URL>
</TEMPLATE>
<TEMPLATE>
<TITLE>Mini</TITLE>
<IMAGE>https://www.wysiwygwebbuilder.com/images/wb19_mini.jpg</IMAGE>
<URL>https://www.wysiwygwebbuilder.com/templates/mini.zip</URL>
<PREVIEW>https://www.wysiwygwebbuilder.com/support/wb19tryouts/wb19_mini.html</PREVIEW>
</TEMPLATE>
<TEMPLATE>
<TITLE>Mondriaan</TITLE>
<IMAGE>https://www.wysiwygwebbuilder.com/images/mondriaan.jpg</IMAGE>
<PREVIEW>https://www.wysiwygwebbuilder.com/support/wb15tryouts/wb15_mondriaan.html</PREVIEW>
<URL>https://www.wysiwygwebbuilder.com/templates/mondriaan.zip</URL>
</TEMPLATE>
<TEMPLATE>
<TITLE>Morphing Shape</TITLE>
<IMAGE>https://www.wysiwygwebbuilder.com/images/morphingshape.jpg</IMAGE>
<PREVIEW>https://www.wysiwygwebbuilder.com/support/wb16tryouts/morphingshape_scrollcontinous.html</PREVIEW>
<URL>https://www.wysiwygwebbuilder.com/templates/morphingshape.zip</URL>
</TEMPLATE>
<TEMPLATE>
<TITLE>Movies</TITLE>
<IMAGE>https://www.wysiwygwebbuilder.com/images/wb18_movies.jpg</IMAGE>
<PREVIEW>https://www.wysiwygwebbuilder.com/support/wb18tryouts/wb18_movies.html</PREVIEW>
<URL>https://www.wysiwygwebbuilder.com/templates/movies.zip</URL>
</TEMPLATE>
<TEMPLATE>
<TITLE>Mosaic</TITLE>
<IMAGE>https://www.wysiwygwebbuilder.com/images/wb18_mosaic.jpg</IMAGE>
<PREVIEW>https://www.wysiwygwebbuilder.com/support/wb18tryouts/wb18_mosaic.html</PREVIEW>
<URL>https://www.wysiwygwebbuilder.com/templates/mosaic.zip</URL>
</TEMPLATE>
<TEMPLATE>
<TITLE>Mysterious Guy</TITLE>
<IMAGE>https://www.wysiwygwebbuilder.com/images/mysteriousguy.jpg</IMAGE>
<PREVIEW>https://www.wysiwygwebbuilder.com/support/wb15tryouts/wb15_mysteriousguy.html</PREVIEW>
<URL>https://www.wysiwygwebbuilder.com/templates/mysteriousguy.zip</URL>
</TEMPLATE>
<TEMPLATE>
<TITLE>Neon</TITLE>
<IMAGE>https://www.wysiwygwebbuilder.com/images/wb17_neon.jpg</IMAGE>
<PREVIEW>https://www.wysiwygwebbuilder.com/support/wb17tryouts/wb17_neon.html</PREVIEW>
<URL>https://www.wysiwygwebbuilder.com/templates/neon.zip</URL>
</TEMPLATE>
<TEMPLATE>
<TITLE>New York</TITLE>
<IMAGE>https://www.wysiwygwebbuilder.com/images/template_newyork.jpg</IMAGE>
<PREVIEW>https://www.wysiwygwebbuilder.com/support/wb12tryouts/wb12_newyork.html</PREVIEW>
<URL>https://www.wysiwygwebbuilder.com/templates/newyork.zip</URL>
</TEMPLATE>
<TEMPLATE>
<TITLE>Northern Lights</TITLE>
<IMAGE>https://www.wysiwygwebbuilder.com/images/northernlights.jpg</IMAGE>
<PREVIEW>https://www.wysiwygwebbuilder.com/support/wb15tryouts/wb15_northernlights.html</PREVIEW>
<URL>https://www.wysiwygwebbuilder.com/templates/northernlights.zip</URL>
</TEMPLATE>
<TEMPLATE>
<TITLE>Parallax</TITLE>
<IMAGE>https://www.wysiwygwebbuilder.com/images/wb18_parallax.jpg</IMAGE>
<PREVIEW>https://www.wysiwygwebbuilder.com/support/wb18tryouts/wb18_parallax.html</PREVIEW>
<URL>https://www.wysiwygwebbuilder.com/templates/universalparallax.zip</URL>
</TEMPLATE>
<TEMPLATE>
<TITLE>Party Planner</TITLE>
<IMAGE>https://www.wysiwygwebbuilder.com/images/wb19_partyplanner.jpg</IMAGE>
<URL>https://www.wysiwygwebbuilder.com/templates/partyplanner.zip</URL>
<PREVIEW>https://www.wysiwygwebbuilder.com/support/wb19tryouts/wb19_partyplanner.html</PREVIEW>
</TEMPLATE>
<TEMPLATE>
<TITLE>Pencil</TITLE>
<IMAGE>https://www.wysiwygwebbuilder.com/images/pencil.jpg</IMAGE>
<PREVIEW>https://www.wysiwygwebbuilder.com/support/wb14tryouts/wb14_pencil.html</PREVIEW>
<URL>https://www.wysiwygwebbuilder.com/templates/pencil.zip</URL>
</TEMPLATE>
<TEMPLATE>
<TITLE>Pharmacy</TITLE>
<IMAGE>https://www.wysiwygwebbuilder.com/images/wb19_pharmacy.jpg</IMAGE>
<URL>https://www.wysiwygwebbuilder.com/templates/pharmacy.zip</URL>
<PREVIEW>https://www.wysiwygwebbuilder.com/support/wb19tryouts/wb19_pharmacy.html</PREVIEW>
</TEMPLATE>
<TEMPLATE>
<TITLE>Photography</TITLE>
<IMAGE>https://www.wysiwygwebbuilder.com/images/wb18_photography.jpg</IMAGE>
<PREVIEW>https://www.wysiwygwebbuilder.com/support/wb18tryouts/wb18_photography.html</PREVIEW>
<URL>https://www.wysiwygwebbuilder.com/templates/photography.zip</URL>
</TEMPLATE>
<TEMPLATE>
<TITLE>Pizza Shop</TITLE>
<IMAGE>https://www.wysiwygwebbuilder.com/images/wb19_pizzashop.jpg</IMAGE>
<URL>https://www.wysiwygwebbuilder.com/templates/pizzashop.zip</URL>
<PREVIEW>https://www.wysiwygwebbuilder.com/support/wb19tryouts/wb19_pizzashop.html</PREVIEW>
</TEMPLATE>
<TEMPLATE>
<TITLE>Planets</TITLE>
<IMAGE>https://www.wysiwygwebbuilder.com/images/wb18_planets.jpg</IMAGE>
<PREVIEW>https://www.wysiwygwebbuilder.com/support/wb18tryouts/wb18_planets.html</PREVIEW>
<URL>https://www.wysiwygwebbuilder.com/templates/planets.zip</URL>
</TEMPLATE>
<TEMPLATE>
<TITLE>Polygons</TITLE>
<IMAGE>https://www.wysiwygwebbuilder.com/images/wb18_polygons.jpg</IMAGE>
<PREVIEW>https://www.wysiwygwebbuilder.com/support/wb18tryouts/wb18_polygons.html</PREVIEW>
<URL>https://www.wysiwygwebbuilder.com/templates/polygons.zip</URL>
</TEMPLATE>
<TEMPLATE>
<TITLE>Portlets</TITLE>
<IMAGE>https://www.wysiwygwebbuilder.com/images/wb17_portlets.jpg</IMAGE>
<PREVIEW>https://www.wysiwygwebbuilder.com/support/wb17tryouts/wb17_portlets.html</PREVIEW>
<URL>https://www.wysiwygwebbuilder.com/templates/portlets.zip</URL>
</TEMPLATE>
<TEMPLATE>
<TITLE>Pretty</TITLE>
<IMAGE>https://www.wysiwygwebbuilder.com/images/wb18_morepretty.jpg</IMAGE>
<PREVIEW>https://www.wysiwygwebbuilder.com/support/wb18tryouts/wb18_pretty.html</PREVIEW>
<URL>https://www.wysiwygwebbuilder.com/templates/pretty.zip</URL>
</TEMPLATE>
<TEMPLATE>
<TITLE>Profit</TITLE>
<IMAGE>https://www.wysiwygwebbuilder.com/images/wb16_profit.jpg</IMAGE>
<PREVIEW>https://www.wysiwygwebbuilder.com/support/wb16tryouts/wb16_profit.html</PREVIEW>
<URL>https://www.wysiwygwebbuilder.com/templates/profit.zip</URL>
</TEMPLATE>
<TEMPLATE>
<TITLE>Purple Fantasy</TITLE>
<IMAGE>https://www.wysiwygwebbuilder.com/images/wb18_purplefantasy.jpg</IMAGE>
<PREVIEW>https://www.wysiwygwebbuilder.com/support/wb18tryouts/wb18_purplefantasy.html</PREVIEW>
<URL>https://www.wysiwygwebbuilder.com/templates/purplefantasy.zip</URL>
</TEMPLATE>
<TEMPLATE>
<TITLE>Real Estate</TITLE>
<IMAGE>https://www.wysiwygwebbuilder.com/images/wb19_real_estate.jpg</IMAGE>
<URL>https://www.wysiwygwebbuilder.com/templates/real_estate.zip</URL>
<PREVIEW>https://www.wysiwygwebbuilder.com/support/wb19tryouts/wb19_real_estate.html</PREVIEW>
</TEMPLATE>
<TEMPLATE>
<TITLE>Red</TITLE>
<IMAGE>https://www.wysiwygwebbuilder.com/images/red.jpg</IMAGE>
<PREVIEW>https://www.wysiwygwebbuilder.com/support/wb15tryouts/wb15_red.html</PREVIEW>
<URL>https://www.wysiwygwebbuilder.com/templates/red.zip</URL>
</TEMPLATE>
<TEMPLATE>
<TITLE>Royal Blue </TITLE>
<IMAGE>https://www.wysiwygwebbuilder.com/images/royalblue.jpg</IMAGE>
<PREVIEW>https://www.wysiwygwebbuilder.com/support/wb15tryouts/wb15_royalblue.html</PREVIEW>
<URL>https://www.wysiwygwebbuilder.com/templates/royalblue.zip</URL>
</TEMPLATE>
<TEMPLATE>
<TITLE>Santa Lina</TITLE>
<IMAGE>https://www.wysiwygwebbuilder.com/images/wb18_santalina.jpg</IMAGE>
<PREVIEW>https://www.wysiwygwebbuilder.com/support/wb18tryouts/wb18_santalina.html</PREVIEW>
<URL>https://www.wysiwygwebbuilder.com/templates/santalina.zip</URL>
</TEMPLATE>
<TEMPLATE>
<TITLE>Settings</TITLE>
<IMAGE>https://www.wysiwygwebbuilder.com/images/settings.jpg</IMAGE>
<PREVIEW>https://www.wysiwygwebbuilder.com/support/wb14tryouts/wb14_settings.html</PREVIEW>
<URL>https://www.wysiwygwebbuilder.com/templates/settings.zip</URL>
</TEMPLATE>
<TEMPLATE>
<TITLE>Shanghai</TITLE>
<IMAGE>https://www.wysiwygwebbuilder.com/images/shanghai.jpg</IMAGE>
<PREVIEW>https://www.wysiwygwebbuilder.com/support/wb15tryouts/wb15_shanghai.html</PREVIEW>
<URL>https://www.wysiwygwebbuilder.com/templates/shanghai.zip</URL>
</TEMPLATE>
<TEMPLATE>
<TITLE>Shopper</TITLE>
<IMAGE>https://www.wysiwygwebbuilder.com/images/wb17_shopper.jpg</IMAGE>
<PREVIEW>https://www.wysiwygwebbuilder.com/support/wb17tryouts/wb17_shopper.html</PREVIEW>
<URL>https://www.wysiwygwebbuilder.com/templates/shopper.zip</URL>
</TEMPLATE>
<TEMPLATE>
<TITLE>Silkies</TITLE>
<IMAGE>https://www.wysiwygwebbuilder.com/images/wb19_silkies.jpg</IMAGE>
<PREVIEW>https://www.wysiwygwebbuilder.com/support/wb19tryouts/wb19_silkies.html</PREVIEW>
<URL>https://www.wysiwygwebbuilder.com/templates/silkies.zip</URL>
</TEMPLATE>
<TEMPLATE>
<TITLE>Sinatra</TITLE>
<IMAGE>https://www.wysiwygwebbuilder.com/images/wb16_sinatra.jpg</IMAGE>
<PREVIEW>https://www.wysiwygwebbuilder.com/support/wb16tryouts/wb16_sinatra.html</PREVIEW>
<URL>https://www.wysiwygwebbuilder.com/templates/sinatra.zip</URL>
</TEMPLATE>
<TEMPLATE>
<TITLE>Snow World</TITLE>
<IMAGE>https://www.wysiwygwebbuilder.com/images/snowworld.jpg</IMAGE>
<PREVIEW>https://www.wysiwygwebbuilder.com/support/wb14tryouts/wb14_snowworld.html</PREVIEW>
<URL>https://www.wysiwygwebbuilder.com/templates/snowworld.zip</URL>
</TEMPLATE>
<TEMPLATE>
<TITLE>Splash Art</TITLE>
<IMAGE>https://www.wysiwygwebbuilder.com/images/wb19_splash_art.jpg</IMAGE>
<URL>https://www.wysiwygwebbuilder.com/templates/splash_art.zip</URL>
<PREVIEW>https://www.wysiwygwebbuilder.com/support/wb19tryouts/wb19_splash_art.html</PREVIEW>
</TEMPLATE>
<TEMPLATE>
<TITLE>Stationary</TITLE>
<IMAGE>https://www.wysiwygwebbuilder.com/images/wb19_stationary.jpg</IMAGE>
<URL>https://www.wysiwygwebbuilder.com/templates/stationary.zip</URL>
<PREVIEW>https://www.wysiwygwebbuilder.com/support/wb19tryouts/wb19_stationary.html</PREVIEW>
</TEMPLATE>
<TEMPLATE>
<TITLE>Styles</TITLE>
<IMAGE>https://www.wysiwygwebbuilder.com/images/wb18_styles.jpg</IMAGE>
<PREVIEW>https://www.wysiwygwebbuilder.com/support/wb18tryouts/wb18_styles_generic.html</PREVIEW>
<URL>https://www.wysiwygwebbuilder.com/templates/styles.zip</URL>
</TEMPLATE>
<TEMPLATE>
<TITLE>Sunset</TITLE>
<IMAGE>https://www.wysiwygwebbuilder.com/images/wb16_sunset.jpg</IMAGE>
<PREVIEW>https://www.wysiwygwebbuilder.com/support/wb16tryouts/wb16_sunset.html</PREVIEW>
<URL>https://www.wysiwygwebbuilder.com/templates/sunset.zip</URL>
</TEMPLATE>
<TEMPLATE>
<TITLE>Themed Fun</TITLE>
<IMAGE>https://www.wysiwygwebbuilder.com/images/wb19_themed_fun.jpg</IMAGE>
<URL>https://www.wysiwygwebbuilder.com/templates/themedfun.zip</URL>
<PREVIEW>https://www.wysiwygwebbuilder.com/support/wb19tryouts/wb19_themedfun.html</PREVIEW>
</TEMPLATE>
<TEMPLATE>
<TITLE>Themes</TITLE>
<IMAGE>https://www.wysiwygwebbuilder.com/images/wb19_themes.jpg</IMAGE>
<URL>https://www.wysiwygwebbuilder.com/templates/themes.zip</URL>
<PREVIEW>https://www.wysiwygwebbuilder.com/support/wb19tryouts/wb19_themes.html</PREVIEW>
</TEMPLATE>
<TEMPLATE>
<TITLE>Time Traveler</TITLE>
<IMAGE>https://www.wysiwygwebbuilder.com/images/wb17_timetraveler.jpg</IMAGE>
<PREVIEW>https://www.wysiwygwebbuilder.com/support/wb17tryouts/wb17_timetraveler.html</PREVIEW>
<URL>https://www.wysiwygwebbuilder.com/templates/timetraveler.zip</URL>
</TEMPLATE>
<TEMPLATE>
<TITLE>Triangle</TITLE>
<IMAGE>https://www.wysiwygwebbuilder.com/images/triangle.jpg</IMAGE>
<PREVIEW>https://www.wysiwygwebbuilder.com/support/wb15tryouts/wb15_triangle.html</PREVIEW>
<URL>https://www.wysiwygwebbuilder.com/templates/triangle.zip</URL>
</TEMPLATE>
<TEMPLATE>
<TITLE>University</TITLE>
<IMAGE>https://www.wysiwygwebbuilder.com/images/wb18_university.jpg</IMAGE>
<PREVIEW>https://www.wysiwygwebbuilder.com/support/wb18tryouts/wb18_university.html</PREVIEW>
<URL>https://www.wysiwygwebbuilder.com/templates/university.zip</URL>
</TEMPLATE>
<TEMPLATE>
<TITLE>Vintage</TITLE>
<IMAGE>https://www.wysiwygwebbuilder.com/images/wb18_vintage.jpg</IMAGE>
<PREVIEW>https://www.wysiwygwebbuilder.com/support/wb18tryouts/wb18_vintage.html</PREVIEW>
<URL>https://www.wysiwygwebbuilder.com/templates/vintage.zip</URL>
</TEMPLATE>
<TEMPLATE>
<TITLE>Vive La Paris</TITLE>
<IMAGE>https://www.wysiwygwebbuilder.com/images/vivelaparis.jpg</IMAGE>
<PREVIEW>https://www.wysiwygwebbuilder.com/support/wb15tryouts/wb15_vivelaparis.html</PREVIEW>
<URL>https://www.wysiwygwebbuilder.com/templates/vivelaparis.zip</URL>
</TEMPLATE>
<TEMPLATE>
<TITLE>Wedding</TITLE>
<IMAGE>https://www.wysiwygwebbuilder.com/images/wb16_wedding.jpg</IMAGE>
<PREVIEW>https://www.wysiwygwebbuilder.com/support/wb16tryouts/wb16_wedding.html</PREVIEW>
<URL>https://www.wysiwygwebbuilder.com/templates/wedding.zip</URL>
</TEMPLATE>
<TEMPLATE>
<TITLE>Wizzy</TITLE>
<IMAGE>https://www.wysiwygwebbuilder.com/images/wb16_wizzy.jpg</IMAGE>
<PREVIEW>https://www.wysiwygwebbuilder.com/support/wb16tryouts/wb16_wizzy.html</PREVIEW>
<URL>https://www.wysiwygwebbuilder.com/templates/wizzy.zip</URL>
</TEMPLATE>
<TEMPLATE>
<TITLE>Wizzypedia</TITLE>
<IMAGE>https://www.wysiwygwebbuilder.com/images/wb17_wizzypedia.jpg</IMAGE>
<PREVIEW>https://www.wysiwygwebbuilder.com/support/wb17tryouts/wb17_wizzypedia.html</PREVIEW>
<URL>https://www.wysiwygwebbuilder.com/templates/wizzypedia.zip</URL>
</TEMPLATE>
<TEMPLATE>
<TITLE>Wizzy Wizard</TITLE>
<IMAGE>https://www.wysiwygwebbuilder.com/images/wb19_wizzywizard.jpg</IMAGE>
<URL>https://www.wysiwygwebbuilder.com/templates/wizzywizard.zip</URL>
<PREVIEW>https://www.wysiwygwebbuilder.com/support/wb19tryouts/wb19_wizzywizard.html</PREVIEW>
</TEMPLATE>
<TEMPLATE>
<TITLE>World Wide</TITLE>
<IMAGE>https://www.wysiwygwebbuilder.com/images/worldwide.jpg</IMAGE>
<PREVIEW>https://www.wysiwygwebbuilder.com/support/wb15tryouts/wb15_worldwide.html</PREVIEW>
<URL>https://www.wysiwygwebbuilder.com/templates/worldwide.zip</URL>
</TEMPLATE>
</TEMPLATES>